dataset,err medio iniziale,loss,optimizer,lr,batch size,epochs,err medio finale,errore massimo
datipisa/segments_wiki_ts_1M_uint64.csv,29.3574978105292,mean_absolute_error,Adam,0.0001,250,50,193987.97410317685,962775.8531988759
datipisa/segments_books_1M_uint64.csv,21.30492316290337,mean_absolute_error,Nadam,1e-14,100,50,105976.4823293699,865932.7455376383
datipisa/segments_books_1M_uint64.csv,21.30492316290337,mean_absolute_error,Nadam,1e-14,400,50,137540.86169482954,729956.8576775279
datipisa/segments_books_1M_uint64.csv,21.30492316290337,mean_absolute_error,Nadam,9.999999999999999e-16,400,50,295177.77008632536,883337.1722487898
datipisa/segments_books_1M_uint64.csv,21.30492316290337,mean_absolute_error,Nadam,1e-15,400,500,124472.13663035027,735755.6783596114
datipisa/segments_wiki_ts_1M_uint64.csv,29.357497810529196,mean_absolute_error,Adam,1e-05,100,1000,233431.6701682842,998696.5190021349
